t_1,t_2,t_3,t_4,t_5,t_6,t_7,t_8,t_9,t_10,t_11,t_12,t_13,t_14,t_15,t_16,t_17,t_18,t_19,t_20,t_21,t_22,t_23,t_24,t_25,t_26,t_27,t_28,t_29,t_30,t_31,t_32,t_33,t_34,t_35,t_36,t_37,t_38,t_39,t_40,t_41,t_42,t_43,t_44,t_45,t_46,t_47,t_48,t_49,t_50,t_51,t_52,t_53,t_54,t_55,t_56,t_57,t_58,t_59,t_60,t_61,t_62,t_63,t_64,t_65,t_66,t_67,t_68,t_69,t_70,t_71,t_72,t_73,t_74,t_75,t_76,t_77,t_78,t_79,t_80,t_81,t_82,t_83,t_84,t_85,t_86,t_87,t_88,t_89,t_90,t_91,t_92,t_93,t_94,t_95,t_96,t_97,t_98,t_99,t_100,t_101,t_102,t_103,t_104,t_105,t_106,t_107,t_108,t_109,t_110,t_111,t_112,t_113,t_114,t_115,t_116,t_117,t_118,t_119,t_120,t_121,t_122,t_123,t_124,t_125,t_126,t_127,t_128,t_129,t_130,t_131,t_132,t_133,t_134,t_135,t_136,t_137,t_138,t_139,t_140,label
31.776314636071522,32.52812463189993,-0.9332124694984587,-23.05728227016516,-9.458493812462418,8.433637705385788,12.048538144548527,16.644889659481123,20.76428153215804,13.214237362780194,6.555894378797449,7.2636799433579045,-0.6630998407619901,-18.702020283898392,-35.54689577718576,-52.499541848897934,-61.80815358294381,-44.96044632730385,-14.46402449447487,3.237900174850236,15.203049199280535,34.93449141721552,50.00208860470189,53.73334199128052,51.89727188274264,36.533997062076295,9.275808764828575,-5.301519071631548,-7.020223178900778,-18.456938946024618,-31.521146284830238,-27.685738142579794,-22.249830915954792,-27.892398465347167,-27.062979829394155,-12.004451392477172,6.051061577163637,21.54712811960942,26.089668590161537,14.626411315674583,9.488187943688697,22.367568512084997,25.009306674124673,8.581450508208945,0.9662874580050508,-0.7451608675635524,-20.930631823320354,-40.49321267743491,-34.04595232352343,-21.978386380399268,-18.193682527195456,-4.256275298449004,16.225292356477844,21.718541365944677,17.70281776940424,14.76049076851066,9.85376092320722,11.475681402752848,19.926089180523075,9.25653433147171,-16.098681666086325,-17.354748847700346,-0.5386363877397444,-3.211693999836118,-14.666723303703797,-6.261313931318,7.804819479403603,11.421728749371445,14.870471626538752,13.950404453039583,0.010869628969683416,-6.4703528840845035,3.086495292828557,3.232820516840244,-11.16863284751566,-16.631604385717463,-10.128784371381496,-5.688861926189727,-4.302494311782842,-3.5852405778585106,-5.264126417628075,-6.924753591913031,-9.12365613800163,-11.761586317999495,-4.096017516412151,12.165865437438091,17.186154711642303,10.512522723215321,8.25507685725784,8.388846574312387,6.976394430941178,12.595153934522791,15.483849028435847,1.7646956844514028,-9.128046125108893,-4.577800570905513,-4.706207126181754,-5.9766567290628,11.583445737422961,20.717967755264706,-2.905453135104229,-19.383916705665698,-6.155426055606869,1.059036550149257,-2.670911909579041,5.399757688347664,0.29462045528149855,-28.662873525544356,-28.682019657972788,0.7434844179337637,-7.69327753113531,-40.575863492002505,-22.96490191851303,27.016173049225472,39.41073806418313,20.115505805678872,6.269784410070214,-1.3299499384205167,1.3623491261257894,18.403361004647902,22.85080304896433,12.192000107270562,18.70613203358112,29.57749439879424,9.685905571871748,-15.517063271254301,-13.035721823935294,-10.12205182937032,-26.905375183146035,-37.57877673022449,-32.40794002766617,-23.311398449560834,-6.482068959364875,12.269562220097416,13.055761342195588,6.9226835838312075,12.421519092698064,12.89733193977736,0.6275119289865769,-0.7710158659610897,0.0
-1.8523592908297561,4.953793151536956,11.8926509561845,10.7548800708933,8.50150928911171,7.317995822328764,-1.6185616324591037,-14.389903659725356,-15.65684228078721,-6.512976388421117,-2.535080903921173,-6.275771698267716,-5.048164508176139,5.886981588122176,14.997117163716918,11.931755493912432,1.7266552441417136,-6.216091076985726,-11.826560321212229,-14.409592997379756,-6.106582837179303,8.819128290210049,12.589466049646338,4.593513353829621,1.0177461583969287,1.0492480112366644,-6.348081421909026,-11.490243738517165,-2.46055489352956,6.863778980489264,3.5772075097257687,-1.1059654536657035,1.2378646560892876,3.3618984304363644,3.606315728652084,5.243614942265493,3.630167768071664,-1.1064061254330428,-0.3173740511346195,4.0100499742224605,3.3841648853914297,0.3747282678248464,-0.8092037174679313,-2.182420579897654,-0.900954281600813,2.6600593683785214,-3.987303896160382,-18.176704852945274,-17.472663298145765,-4.052484065604706,-3.8840855106245726,-12.126543461810797,-1.4419269734886864,19.512959136647016,20.5080471221073,5.945059657323226,0.5928699884227373,5.569815100869164,8.42424892296549,6.047215023336725,-1.770809244726681,-11.357921744942562,-9.775159962113118,3.7897627768785846,10.157039224040798,1.8830371811572049,-5.824415541370399,-4.557588022253993,-1.7736360175185837,-0.7663098888499209,1.328812509542331,2.71855425355251,1.5734246649210237,-0.2347398961040502,-3.430022127412182,-7.9378103067938355,-8.52615624880774,-4.826967945096031,-2.5084498699676865,-0.570494054913676,4.137998720747419,5.659422034656422,2.13024121051098,3.4776570516534977,8.93715419139739,4.704588267512412,-5.379180049533413,-3.950407600004433,3.541603535269031,-0.3220949837123044,-6.686903869836694,2.1374850243899144,15.163567006587982,13.400676340123432,2.964684105335942,-3.218351873763216,-7.148793824288684,-11.165501619624491,-11.376230923614154,-10.202499355820086,-10.550622017562596,-5.79884380986914,5.855120437428316,12.86372723689096,7.775148462724044,-1.83152475868701,-4.114708367266252,3.2037568351305605,9.203313432116476,3.6817891385742567,-4.5469281020503125,-0.5242448761418927,8.970714027999849,8.236993292501817,2.182926164344988,1.3000701567185995,-1.2941472778847027,-9.859963132443632,-13.970193943662,-12.245752395337654,-11.557428302243352,-5.084701171636374,10.613608683304241,17.354070101761156,7.316367853668958,-0.8252719093591926,1.568159572121456,1.6378467989011876,-4.344479990023602,-7.553422368183318,-5.284756568363971,2.160869493964128,12.583665895521538,13.814567131869909,1.8154217223960183,-6.4662421382510935,-3.2602725247981854,-2.693631953947867,-7.687622830698577,-5.187901075748313,0.0
73.75542380184763,118.97788256903489,113.7726764169832,64.22433007922437,-14.473702836160859,-124.66409451576571,-149.2091349640654,9.63337667617533,155.46114600573978,95.36605836182005,3.0144670576685004,-2.201195557912191,-148.92619078151054,-417.74082706371945,-396.5155456794633,-80.18440024482294,85.23983024805784,51.04885353417032,96.42981868294171,135.2819363870658,5.350397251442903,-50.52248944559445,98.87171020979683,179.83034711413913,126.19305747912989,178.0670746349626,313.16508475442726,320.5417636136214,205.91743464271227,31.419571220460867,-182.30514538453684,-251.12512660440473,-100.92027140871829,-23.034559201449156,-143.55194635740997,-199.17385286258326,-159.25142314326433,-266.95612686541347,-404.38341141574915,-286.97951576444837,-57.52148194186803,61.03163970179028,182.5724617726066,313.1255083547698,219.02115403239927,-4.674607662277089,-0.28733018899543417,217.40466614623762,325.5194000196126,183.69861791200108,-117.93787662912574,-365.661829826629,-297.98597130841677,67.29637681258221,360.0132509147127,366.43648318780794,242.76119295859502,130.15493370716771,12.896344977120558,-86.30481277830485,-144.22804785271487,-207.56863744536207,-253.0307125983139,-225.354726428373,-179.041430093555,-145.94912802800536,-69.5233532662193,0.1122757542050547,-38.40801221763508,-96.68475043649475,-27.073057140107267,125.30508724020586,200.00908561557947,104.01688622724679,-71.07015247104897,-57.8745159452988,192.3857817625006,272.6858507928749,-20.205195604099167,-219.39930614042612,-22.08299658106019,142.08180962575392,10.093810918430487,-31.028313015898068,167.27486871317444,247.3243591239055,137.33838341964616,67.14768019566934,15.538628895741162,-46.734828021144494,24.96302499456538,58.538890032925536,-203.92958976680205,-427.66173632939655,-256.92323927084607,-50.37810195402967,-136.51500776151403,-238.8069352729039,-213.59129167596498,-209.08597006690172,-30.87555498148625,416.64546902312173,561.8280920982361,162.566863687502,-126.96290614145498,4.02592221274972,74.6757898185816,-21.435446200064487,79.737758831328,225.70972570135362,87.39999527323783,-36.18447005841881,116.83219241257757,176.24589867269,-44.048511730041355,-182.43125078868536,-119.29360826781743,-113.30049889224271,-180.2028121459815,-157.2846538292037,-93.19007904827595,-54.97850487463357,24.385853708618217,105.87404528570671,79.23499761644699,-5.786837667019831,-30.642730889602618,41.84222552511427,156.8396834673153,127.44273481869863,-158.1987044485286,-387.84297825809983,-178.65836681260004,231.8492427530388,302.52696621086864,57.19960805742691,-63.557010281624066,23.580606104185183,70.01368808450125,18.472476034438134,0.0
8.476053734491062,3.836855805155614,-8.317358063967227,-8.7575317372361,0.5804025323337151,-4.018753872136585,-17.231616058645564,-14.926278455803791,-6.426093586248397,-10.385842862002189,-10.681385027490453,3.3539756587318457,7.388144430405292,-3.079105569379964,-0.05873837812234544,14.489535907774957,13.267710207096469,3.917686230218452,7.999651373912154,11.833024576810809,1.4037129298279372,-5.129366153734736,-1.2489462106540385,-5.816596266845914,-15.989044819570458,-10.233613091650316,5.863284938347836,11.121193677419797,6.213659119701737,2.5144270966476245,1.3603349540628389,1.4753517183845462,0.9671355800366856,-4.4123180221973195,-7.818154470012006,1.4989869450736377,11.852279101071568,4.803756389708724,-8.932559425515743,-9.022717678195072,-3.2903779185790984,-6.152054127163461,-6.245521876922187,6.265487132296483,11.921266295507344,-2.6374183782787037,-14.135915616973458,-1.4686318409836128,15.411625638902883,8.568461635719157,-11.628371674463981,-15.578182334908181,-0.8028661018858353,9.971931997942091,5.159065401039293,-4.357484872013123,-5.130524181877263,2.0177696977463913,6.696106892732335,5.845101944060945,7.184853530307818,11.669522333980744,8.927196502400976,-0.4870718971748526,-2.566537452654706,1.6594810395553294,-3.027957727686347,-13.830610259436071,-15.268178336011866,-9.47175970780922,-5.4183434693659365,1.529515969431183,10.630109178911274,9.29522811171935,0.9627572564188287,-0.302128860170746,1.2392104580067098,-1.7411393208377477,-1.9765883270754583,-2.9706930291787206,-14.514578864638073,-16.83587013662327,6.373295395250251,21.681784994693267,5.314351729220814,-5.17126616664205,11.86131809955825,16.904576879822546,-2.925037585551359,-6.513492566843827,8.599087806651369,2.306704056002976,-16.958103808289806,-11.744498380873766,1.5148681843032439,-9.690192855286618,-24.812011373585037,-16.056800449784433,2.0015790879050552,13.983474607268969,25.812127049494947,31.94520428285048,22.343658160668642,9.431170262661503,4.8584860557910154,1.1234825344549284,-4.131165265571326,-5.816427382149009,-9.351944911739944,-15.33577292414783,-12.247714962163526,-5.854403152932516,-13.017115774460965,-23.541483383677487,-19.487248117492225,-14.718092123554218,-22.963702281523084,-21.349578715304638,6.497676896120639,33.933904353115295,34.829300640357864,21.410305472246062,16.316511371845586,22.19113065761566,28.378200923661804,25.213171616920995,12.248856647347566,-0.5660744393123119,-6.737792395505999,-11.422462084071917,-17.39369393256493,-19.362273216027663,-17.927997827103052,-18.871442389389912,-19.40147751693924,-14.504111716290936,-8.573887376562602,-5.478127753478475,-1.1326367560153205,4.999291842525256,0.0
2.0063453558573707,-7.305977057148185,-5.672596334428009,-3.480588563795512,-23.950314393060076,-39.363568756936324,-17.65485823677025,9.430201642241123,12.954462507325742,21.844095032455193,41.008467609373234,25.917337625390953,-17.239615393906004,-30.487745292445954,-10.31910473925786,3.422254488900459,11.2562778419815,27.19896813875271,31.853141230013634,18.370230413365384,7.271613154159342,-4.69304505151538,-27.982974860273924,-35.99908967450675,-13.303941190268638,5.940413182109801,3.70739336254903,8.244827232556418,25.71934448896597,23.963035334626007,0.39965454313076204,-9.842383515710631,0.6869817738156093,-0.09872798235543694,-27.229791074913617,-55.0758427704374,-56.64412112658223,-36.000561414545196,-11.45049603133359,9.506248736624709,25.267016342724673,32.63629049486998,34.7542341467407,34.843948512441585,25.312314229965622,6.981232461312579,-1.5285894160753943,4.25068001785419,9.414647988742217,14.618731916830358,25.65518876411564,22.045752991223708,-4.549621377159686,-19.0933664539415,-6.490171081076066,-2.965535205012808,-22.251360695705646,-32.28965922486451,-25.826640159823,-25.946262988236008,-27.26084764697589,-13.14340177782449,-0.6116127284605883,-4.718957139631836,-6.476503310466392,6.711843941684088,22.588530835436863,33.11342022423115,33.99591843990816,15.896736811329093,-9.98795073096537,-17.128768711066286,-7.6162249038720296,-1.839501719469101,5.654646455003078,25.912427062168717,36.39919864096575,14.636076282735708,-17.899174239382976,-27.768405246367266,-16.717762987284612,-5.409772853367031,2.441938164165347,12.060405793405758,15.74016944262419,5.481744475090333,-9.161570496242753,-19.28990350296307,-32.139552981592715,-45.08739114654923,-34.342626711250176,5.109936642874446,44.5541656203568,63.756876756747566,64.2190402812428,40.227735661073694,-7.1950980808016745,-41.672555555072094,-36.913154421477685,-22.42354578974967,-30.15153329514174,-41.008225623479426,-30.939304769246114,-14.331429064713625,-4.345988650883858,12.659567120756643,37.288199352617895,44.64222148723073,28.210279532656486,12.19228192253892,10.747897654797676,11.807806437731617,8.124535451591429,9.851784167837145,16.278214870434667,10.06638658058364,-7.324367433812262,-13.831935167506648,-11.095959371913018,-20.96116128547631,-34.373321700737705,-26.20103349790184,-12.269240133826518,-19.106597007252276,-23.07630872560872,2.8711089337351345,27.346745263681644,19.534277084037765,6.628074132061253,11.281070478467477,9.514943512305358,-6.931755032649057,-10.28673051875699,2.511057955588007,8.34762528184567,9.13171997273134,15.693854280320616,12.748890696947152,-5.812512331047198,-14.205543856563358,0.0
3.832411377574317,6.31176995470499,7.880049399617645,6.059901064945734,-4.795389438254966,-15.900373170592097,-11.109474229315916,3.966968150680057,8.2929754511893,-1.3447527025515835,-9.675875695680993,-8.33115790193228,-1.9803393425245304,2.5203222171468145,2.171419117754946,-1.158192805680705,-3.2313881001351143,-1.774585311187871,3.056443955283612,7.052914054236478,2.4227563797418648,-7.848995104897767,-6.668363335490641,8.395206535597229,15.172618873262158,5.240279609838682,-0.5694531571611555,8.524945677988903,16.61574896430183,12.154226772383684,0.21219280760528314,-12.078169025480747,-17.171000186923063,-11.372643361488977,-5.841966920724695,-7.583831412316714,-3.825153505009237,5.613372678318734,-1.3026600268656492,-19.96086980092029,-17.855369264363414,2.9457271948405026,10.54590834558217,6.490625707605634,11.885326436255127,15.072660631474314,1.5035362877921823,-6.471700466910584,5.123333543616657,11.664868688055625,0.9906266864596142,-6.10752893205952,-2.148021637953611,-1.2188434147166036,-3.4108994937543886,0.7100381687180035,6.188186345531398,6.420688107488483,5.150903782729681,1.9709244061280817,-5.816020819820955,-9.337786191401797,-2.96244935772524,1.4370432872189365,-3.9000573311641347,-8.324656975686796,-4.256110912758029,0.2602662985963333,-1.576144350071748,-5.366038465820667,-5.2464373136818825,-0.9468622827811891,4.289661702809907,7.3892810256462935,8.207911608419737,7.676372768802038,4.155350782960239,-2.2176499164084413,-5.517502336095479,-2.9448954581878044,-0.19586194767887516,-0.11819934431049559,1.6973461632587714,4.376310680203864,1.9644548323016755,-0.9611405766724298,4.744388782160564,11.399554942372358,4.349289827385089,-9.369342731835786,-10.598678359347913,-1.7788127347076725,-0.4327034640332891,-5.478811797944622,-2.7600718577935672,4.053332254523411,1.780321887390326,-3.757814499019231,-0.8609910196100827,1.4329560502018366,-7.096317973634642,-11.629839289506586,1.4609030910069123,15.499772112480262,11.263631944027212,-1.6298716323346727,-6.8164573553690895,-7.437806723607031,-9.883298298137056,-7.458893075249055,4.69944158586764,18.350200295862223,22.526545766947997,13.667829812666039,-1.568437557745104,-9.60276660836664,-5.549449429226418,-1.0932610962287679,-4.471028934562734,-6.921338163833651,-2.8478719538543373,-1.543950254097581,-6.0083389921217325,-5.843014038513906,0.2590831431767179,1.7767957097934817,-1.5766948700119328,-0.7197999596772005,3.3519009744955435,3.4451212637488626,1.7581074320963428,3.6576141729633997,5.829085416664991,3.893617683995722,1.544186340042668,2.296845285642323,1.4288862622892742,-5.15981335984543,-11.086613605264574,-8.030451529526747,0.0
2.084455109944732,4.481418937496427,-0.5690936150688989,0.6622709256027721,15.528228742199847,20.896714823527468,0.15165011385559207,-23.209436282101606,-24.269512105319237,-13.849609159450564,-6.579216652291103,4.600610661630829,17.706880137117373,14.072424870036128,-3.1032446121745227,-11.015391905856733,-8.64984076969429,-8.316038186467873,-2.44219635783035,14.24606192877723,20.377876963880325,8.037499275313975,3.9335201671152995,16.841640877214054,17.921173989721055,-2.1485536865527846,-16.16889178958566,-14.220135900709364,-14.41912529922815,-18.019712930221836,-9.976695331420665,3.9085300870550177,7.493059645080292,4.321802676383716,2.7446856339568817,-2.353748462657677,-10.34728007967351,-9.314717451886585,-1.3733017645879753,-0.7197856631957822,-5.0172903726601765,-0.10512225206993106,12.555867131152707,19.678871806648708,17.690446115144166,12.462523638827001,8.723262254148722,7.188543951313477,2.6161839136556306,-10.093029682149385,-21.65833151040392,-18.28826336858199,-7.044247090907043,-3.519391741131484,-1.6749861573593483,8.759766801156932,13.367067909075153,0.6820121900851114,-10.578887314635924,-7.390189570892188,-4.456999227317283,-5.573800544927104,3.471216369404121,12.432339216634217,-0.21866505615051007,-16.303158237184917,-6.035085900479721,13.072817553610852,8.672136651041606,-6.397489690121599,-1.10856241450852,20.636060754923772,32.10276017068989,20.249569832583397,-6.232876751908204,-25.99906860623095,-25.412972489785815,-15.312504291534424,-10.471858699754295,-4.70869445884859,7.572463597759553,11.892218865997469,2.881147558697396,-1.8141941990664538,3.960475631090554,4.6459032638684015,-3.8109105580175915,-6.695157260082649,1.3048388968713374,8.092987317307335,4.835848583632873,-1.2196441944041807,0.1467096767284804,2.8945575612597167,-4.116715990155677,-9.823340233053184,1.2457220858583848,10.913302246157805,-2.4865107443636387,-14.877803202311043,0.6800952858951254,18.292850692575385,10.591396148368302,0.5139213210552245,6.45596493130304,6.08883596278934,-8.47685469512362,-15.557126452027457,-14.070804877381306,-18.050828138159382,-18.799930261525635,-7.468342902733841,3.645626571469216,11.181723291849872,21.538641857500707,23.507401037223946,10.602053104298344,2.1239947721155152,4.969918569653398,1.841027749333686,-7.867725135357533,-9.580379053717479,-5.900550533784553,-1.9216682158488159,8.876845560489325,18.05106989128722,9.05717036397093,-8.228922174687291,-17.7148934169155,-24.95577313218059,-27.92338154910087,-10.831108860003749,13.178683584038582,15.525359154782361,5.102721885467569,6.1908560845121325,10.353864527051984,3.168471355068808,-2.968800793104391,0.9009085158241861,1.0
13.840286976192147,5.366992537372021,-4.465501933030383,0.7134923580710569,5.921690233258738,2.7854797039180994,2.4226917134494417,6.559996934995676,9.45817363775374,9.763204138370282,0.6898070861271763,-17.46430097427219,-25.083397457376122,-18.577366371432113,-16.954053743225003,-12.45178652938921,15.673994259391394,39.566217924953285,23.050081961477797,-3.0057688576893673,2.4394759511366524,10.376817693623403,-14.465216338763842,-38.42435991267363,-22.80217088707205,8.803615256781793,21.65895729100642,20.708263844769036,17.817848959571467,8.061923295427631,-6.010304951057252,-12.790800939986688,-13.178130319031576,-11.290909329157634,-2.583813226885266,5.237421655885151,-5.063388253730308,-19.405358977416956,-5.099287864545153,25.50136996443487,28.847947476845647,7.572788650923434,-0.5948270412627608,3.964087989064865,-2.2684398448715606,-11.51262834844076,-12.113619406552365,-15.970169548113416,-16.87716678974943,2.4064242005244725,14.605083640664816,-8.267682937775842,-26.123220756326596,-0.5582947192403177,31.241683506820763,31.387806593750913,19.092676396378213,6.530062933206661,-16.712325658209416,-27.071429944907624,-0.4811930447920329,27.412357731929255,20.97351885365788,3.0299378405325115,-2.8117722789239554,-9.06169649011766,-19.610715572230724,-23.957312187593843,-27.72824767503577,-32.95588063702194,-23.367855108317194,0.12632726233763,17.27645669106601,26.184744065161794,37.04175139011608,42.85116587186025,30.46673675533384,3.2150678301825084,-19.27773243683623,-15.626269993669768,9.869080689541684,21.12396936897292,-0.3988457637476838,-26.5740758403877,-32.54326233904188,-29.605531571432948,-26.460092632410426,-15.023340099051389,-1.645914211988889,1.7423020742329147,3.9903246445400224,13.587261500328573,24.062279095666277,35.287126136633255,45.506781086739565,35.535988349674476,4.65783613278634,-17.385807481361553,-23.865255922855187,-33.65528243499446,-34.59265395088328,-6.152922274389614,18.89094994030893,4.577023388604478,-16.81084657388015,-8.627801411164304,-2.3787994686928062,-26.413457995591063,-37.64149652085163,1.5250811620304983,50.31308960252338,54.04147648387071,20.9371093688274,-6.341616012201282,-8.653066183446855,3.5987926317288332,11.557153422385454,6.388736345106736,-2.460719892521512,-3.9069983343360946,-3.9349270897542334,-9.729357816133415,-12.813203941720227,-9.307456088899118,-11.427434455603361,-21.232112346420763,-21.83028539180547,-4.263963413191959,20.235731976986344,31.367958798732918,14.236224579999949,-16.939428208382903,-20.25182359673393,13.465974297788408,34.701775240013376,13.453538882287425,-12.194875141450515,-9.730362552761411,-1.615930587079169,-5.459804098716834,0.0
-1.9329125374853093,2.308340211028634,8.33012444291833,3.9023633444384256,-5.837248502816591,-9.722829984759706,-10.780601316235131,-11.293917872231557,-3.02163322430311,12.843331293694469,22.88665974310263,22.161049552106608,15.291711886051214,4.646539690529203,-6.374724172702473,-11.50760635930217,-11.557835367508233,-12.73446300509709,-14.399999099039835,-10.729584371561133,-2.7678957084297307,0.6815482272051869,-4.266525067220856,-8.326692083850503,-0.45111620113796863,14.793938382425242,22.2790444654723,15.87877770823737,1.580840030219406,-10.82418412115011,-10.45887858969056,4.689464616304678,17.07722572354962,10.11942655293064,-5.237608304758194,-8.80743264986409,-2.862523873647054,-0.9444379028217453,-3.279016342246905,-4.283086972712125,-5.969733617202211,-10.18616509427213,-12.706956102693868,-10.268848730406413,-3.410970121906656,6.187258602973695,15.373254940612242,19.36391426171435,14.350584252582243,1.8217619076345324,-8.238865428931604,-5.405865473546631,6.309817963141945,12.027588797112307,6.324893717084908,-2.6596991196792157,-8.078028439020272,-9.991350426513236,-9.129111050317684,-5.940281061313322,-3.079791843684183,-2.523860643210355,-2.2918181672381857,0.6617968436718608,4.540803338747032,3.2235998038409486,-4.1138022425843195,-8.992748241024351,-4.877093960643732,3.9771223346340574,9.276563800716152,7.525883866684227,2.438074726705155,2.932715717900363,11.55111353091585,16.31052916745345,7.9388828136854706,-4.222814025664572,-9.516368091688491,-10.608891559247342,-9.435706522652051,-4.680534217419336,-3.649067142435039,-8.28381694584257,-5.422282704255647,5.4235248372909455,7.846979486283898,3.066649695729009,3.420880614521189,0.5796627753103772,-11.002853131335643,-11.440821938863438,2.426697209994826,5.525843202149392,-2.021269622045414,2.926114324667853,12.920950467232615,7.810323555022478,-0.48318224468837595,1.805883987638582,1.8586358976220556,-4.017108437294762,-2.4722390137030743,3.205392346976118,2.8670169539752046,1.7525431253371708,-0.13616678187261438,-9.612328466868753,-14.27624920927014,-3.3214287126579114,6.269562307279557,4.115451783200519,2.4124418471939055,-0.8627784283469535,-14.05280244935097,-15.390762398174653,10.226178640176336,30.036550702527165,16.2546817234381,-7.2486051955040445,-11.102082281658012,-1.965870794426236,2.506204363573084,-1.543199148708987,-7.687130676032717,-6.292184592457488,2.426497023675539,4.514469751260346,-3.5266736780629597,-7.003135937731713,-1.1497276873431272,3.0602690007718696,3.185717213905365,4.7556860386135265,5.0755196255373045,0.9972559283552174,-2.1899542401143766,-0.9134164447087743,2.549467531428996,4.937242491817516,0.0
-0.1548573880766829,-0.8403393058623705,0.7509596951486956,1.3351481035610453,1.4058958695321861,1.625781724565766,-0.6470256943980025,-1.092978483893805,4.991811309928178,6.819890463651973,-2.6708153259112604,-7.585835438182888,0.6090541663191592,4.419162075811376,-3.422272124922731,-6.968901825219088,-2.9393556870976076,-3.9469576696226594,-8.121158547421349,-5.583507825879173,0.4698524255460749,4.904415095664768,8.30236592362376,7.031222741378264,1.657503093347057,2.81891671462088,9.679829226276423,9.078473740231452,1.8398614377430123,-2.4394471293489914,-6.378975762028454,-11.278454499163976,-7.43035074426896,2.6286466698139623,3.946809997309982,-2.225972646769757,-3.0611616341500647,0.012030281411069963,-1.586813700488872,-4.627686137000435,-1.5407629998193846,5.556550467774893,7.9394382476198695,2.402864727455431,-3.7535932163914874,-4.287473058793694,-4.094002633252078,-5.2757071200111465,0.555066373406185,10.423964314731872,9.40875092256465,1.6871155227482733,2.088999141609141,2.357049011521869,-7.744856872712262,-11.536697909947382,-0.9819778515383304,3.827408737852238,-0.8829754578699875,2.4168467851769595,7.892629946562617,0.14611421533239385,-6.929550406471309,-0.41839004546636716,3.0290355711735577,-4.335957997413869,-6.197394696918006,0.8169828612978259,4.274831450479622,2.2772524351247636,-0.520517768199271,-1.6169025529072516,2.6932905111106162,6.193404006771743,-2.424283256392098,-11.256646686906201,-2.7038481581354668,8.252634532568562,3.4303322046430873,-1.8067708368827071,4.371462729992345,6.678913748739029,1.642704729637545,1.0413498441274796,-1.5307235734265607,-12.244166258929503,-14.211720423617711,-2.5074451556946666,4.704792510013148,4.504868113164169,7.193320247590439,7.076098954512013,-2.3530864311873705,-11.162986369001576,-10.586763421668568,0.7165633296349875,16.813008203171194,15.895164417620334,-7.652208630978647,-14.441040835472652,14.527762696560886,29.099493121107418,-2.2160084750309275,-30.638455263856386,-18.28459426238098,1.482362018729974,-0.14455143872570866,-5.274863572066857,-1.318352468415267,3.265129925825426,7.329543342244708,11.100508218411253,8.249768320613335,1.4520954420398386,-3.993303687272904,-9.141124090509644,-6.382293098347469,8.611730469701191,14.838258691339028,1.3612807984431532,-7.278091188798296,-1.7274015410544559,-6.271263229906456,-20.250483317507637,-14.399664112521956,6.893402655453731,13.542314371404549,6.353196548425735,3.9053356491042197,4.1083400246894195,1.40757623860716,2.6250103290917144,5.716673924484187,1.7583187455570117,-3.164066978900842,-0.40126926058696377,2.424616795628228,-2.475493344698205,-8.394285515985555,-7.6572182609751405,0.0
-12.912904125638306,-11.391082550787056,3.4195201939890265,10.25021591720805,3.151975827602049,-1.1992934795691528,-0.8308951150005063,-6.987710487231703,-8.096369153596848,7.4440961673818595,13.440155200414463,-6.1506255996258306,-17.006440935294247,-1.6648884296882898,5.29714739193312,-5.248568433466264,0.9584903164197587,19.549120598395046,12.924298001091099,-8.328813883010298,-8.401905283862208,4.42389540538554,7.526199550419632,5.62953304600281,1.1564164744664192,-11.447414153380022,-18.41486405645911,-9.564609279468035,1.1454374375494405,7.132114775246009,11.646444513928145,5.222052972024863,-9.51256407217847,-10.846458700155685,-2.856590330471388,-3.1031924428081967,1.3104905277852796,14.437732238012055,7.246657296898775,-11.67497011129227,0.7092033844027255,27.629053288242883,20.558879413823078,-4.990080163432544,-14.68489004066214,-20.497813464038902,-20.837825389061535,7.758124869627257,30.839936109052765,4.8594780695986834,-25.361641059370918,-9.414080403201902,13.84206621038417,7.0304201709417,-0.9018273252683381,2.371187429461214,-5.6391822808008225,-14.17494312262473,-5.578770071268082,-2.875074248173203,-13.58024171874341,-8.395085941301659,8.794942994590706,6.07141865676062,-5.630106357404859,3.9125922582526176,22.252461709444308,23.537730389856733,14.751278567308974,11.266556751293441,8.050037885841448,-3.5000172446662976,-15.530213326733145,-12.544536547735333,2.221325065410282,2.6420353523895352,-19.271419056885254,-31.067889978074366,-11.773332827698646,8.492553974462984,0.7290870320737466,-12.526909843061325,-0.23359863654089472,21.822611721439493,19.48633287112332,-0.7143348990680857,-3.4407115170163,11.7458735306799,9.587679275634905,-10.467178014482165,-10.452800784570476,6.69626533195454,1.1948343028521373,-16.65944944197933,-7.83179177475136,8.654498680080804,1.2218010897696432,-0.3472682128712121,20.39701127090181,16.362656368899884,-18.20200496016898,-21.495597934971254,12.653713427375704,25.5328408275317,8.209259582140172,-3.5717509243016443,-8.348029870927954,-15.576172144876587,-12.49313166519601,-4.052156197321084,-7.164033623800303,-8.582825869140732,1.362538770888932,1.9154247392693327,-5.547636241470981,5.161483889756103,22.6307591243854,15.601175363925803,-6.066224712115298,-15.832921997644007,-13.626777516824303,-5.600994560376017,7.762364210328087,15.247042935238117,10.52200123886319,6.82608979084115,10.998791796488351,13.17048277921923,6.654083040685186,-7.163638304809057,-20.798300514204634,-21.75557515785719,-12.819639370569753,-11.196911412110138,-11.442415031268158,5.187707164751676,23.252196194351807,16.42500996609063,-0.028235700705813035,-1.0869814146361831,0.0
-1.331786164535313,-6.036062299021675,-5.374664352456522,2.150507117725889,3.7186138630309467,-3.204036310509158,-3.7719986233989604,4.7001043703510526,6.992649593841634,0.018355051760510024,-2.648057111778245,3.404811605785249,8.481528540678685,5.608662142366585,-2.19006634012395,-5.682107489050799,0.7182349826519688,8.380568865588025,4.821278603941512,-4.739348417303215,-5.968770245659268,-1.1614662799208115,-2.8059831243008375,-9.73315757453545,-11.440781407950757,-6.186924271964624,0.48226371456661987,4.855887697370942,4.8861503599910066,0.1943181462492147,-4.997371767168968,-5.040674295664455,0.7946507549430761,7.651589414803918,10.534643935815742,9.622893181629479,8.552804143064552,7.820302755985823,3.8879137204364977,-4.283102855713675,-10.757883994219204,-7.534035009991688,3.3189960361665323,7.591219642354797,-0.8079143017789142,-7.657821602239791,-3.517079532159389,-1.7761944903112534,-9.532975647908946,-10.530729782922814,0.10461918836356038,3.759696277007202,-2.7491166186826175,-2.31552840795161,4.433648487966922,3.7240053156209694,0.5392503051294221,4.4231606343487835,7.438767585463615,4.741700384533033,4.176430963238494,4.14537062201028,-2.6948082328955127,-8.686640853295103,-4.125188013771549,4.635420584461018,7.587493556189454,3.4273788407444954,-2.9750498735164808,-3.6766775537333967,1.7641017761197872,1.2353340512814208,-7.933144870298242,-11.423758962075226,-6.606159555221287,-5.2093772701531025,-4.662280673510395,2.821585643587039,7.098200655128393,3.0526596378638513,4.4351478266633215,11.390018185755858,9.019453721897056,1.7116873249308102,1.8003141501232878,1.9232420125303582,-3.967973353496442,-6.302710958808246,-4.009475572144664,-2.98215061154527,1.0922484279920657,5.111490931879315,-3.0202979169165096,-12.461099488298512,-5.0141974633313815,5.589658247125852,1.4740680923374991,-4.762762941931012,-2.484686236233554,-0.6974425365883185,1.4111470614637558,7.534075254471746,4.280542829229186,-6.502493289997801,-1.2377410297598948,14.125789462252417,11.555735264309785,-1.2638562159198854,-0.15321441328463456,5.5557030106558365,0.5014532079351031,-5.183398177219917,-6.13832476714419,-10.017922974751047,-10.746490247683445,-2.1672507690576217,2.880531765947429,-0.8014582027551822,-2.3568573270911455,-1.346014156731447,-2.2589187716496073,1.9438896941719577,10.155650093084356,9.25940561416145,1.468543121542704,-1.962691303659489,-2.9746751067788058,-2.236221373779699,6.045033085677359,11.088719054605463,0.27058789829930496,-11.033750049950969,-7.468785900596736,-2.503625981302725,-5.60515629334178,-4.118846430035774,4.0567078604362905,6.444024136335226,4.160411754985237,4.62117853059317,0.0
2.87536316788626,4.882453035653675,2.6630107108180203,0.8913095955823943,2.210473264609593,1.6171461339755397,-1.3537842703452851,-1.2840398944293459,0.05266564635692501,-2.304495708050025,-4.233700785617758,-1.5915780204878602,0.01488864654675126,-2.2896317542464306,-2.789797577948775,-0.46801432348244515,0.2580602425878169,1.1238183953812242,4.690495433033549,5.125432823601942,-1.1372429664422978,-7.0871389992017715,-6.739084882842791,-2.6243725604532906,1.3543178589704137,3.665186808235982,3.5860433912279808,2.7279210165789767,3.2299821301563094,3.282055530781185,1.13609348450983,-0.05810402404505213,1.8236918575001053,3.3791323416840493,1.9109966189587593,-0.8167792397564173,-3.025474588946155,-4.795347241329081,-5.635992139364437,-4.537740270736524,-1.678057200954451,1.0927894975563202,1.051165006595612,-2.0060140131131954,-3.7186366808633062,-0.8463460394931543,3.242928577160961,4.140162962537336,3.1360413255978425,2.8132358391481427,1.9508531507259856,-0.05117564552670552,-0.49642771695734056,1.1631279540241748,2.038367145578377,1.1787009313977452,-0.3555771240692896,-2.818475754650232,-4.768792365477162,-2.2671171283679237,2.6779822929367785,2.035073863626975,-4.006062556746959,-5.4194173319912,-0.12157088708287726,2.4159323066697755,-0.5857520059960533,-1.0874866929694287,3.0370656844768544,4.960721017825159,2.923673899106992,1.1898084499730937,-0.19785987091017887,-2.9514330003391174,-3.5122426485734954,0.4279491770349624,3.5075764402087466,1.2233162204178774,-2.254929933538531,-1.2098719320751519,2.4876058863212367,2.966664675241595,-0.27658073949472356,-2.273822130725926,-1.0356837263065648,0.09894644943738563,-0.7829664135351777,-1.9196863742480572,-2.8153803049483233,-4.202640491085024,-4.2306211698443,-1.4722870902963525,1.4196475487632496,1.9758939077073592,1.2744899734033324,1.3005454209180445,3.1430925208001605,5.7720576878637075,5.410176813408422,1.7552068628040918,0.531394547170041,2.215195472158181,-0.16449529996478102,-4.955310595040727,-2.8895025600342907,2.4393111035460606,0.25560838108584805,-4.5363469216810905,-1.9528723552842469,1.6278922852523263,-1.043616813685124,-1.9968874801100658,2.006369804984489,1.2307971177894312,-4.05998420753167,-3.694055332491795,-0.7308005694511748,-3.7375941614025376,-6.3737803099987405,-0.9290052219358687,5.451571227310018,5.976042593570633,4.66353664372582,3.9887205044829495,2.2847238756496355,1.595087589117207,2.649028873963592,1.2129108480552935,-2.1273733973470774,-1.9309016557057879,0.8470632054118646,1.0359990406690889,-1.1220426854375143,-2.4930996434058112,-2.47572297641212,-1.3628030951747658,-0.1482111500275399,-0.8925147032577014,-2.573883422605124,-1.938776642711471,0.0
-1.4616487505690101,1.1502194646309363,4.112254773434769,4.867311295894776,6.901723315913437,7.30182738062447,-0.5694655744462378,-8.24345870906513,-5.507007150134693,-2.274813567779751,-5.560051065232579,-3.1582428391039787,3.9892993876710534,-0.2910950487809411,-5.869714555434054,6.860173663887609,18.153214067117208,4.374768545760566,-9.434662810475048,1.8583085506300752,12.469283957771646,-0.9809556721447734,-14.93935072918733,-7.829142863642321,4.298363433407051,3.1834066049325176,-5.518542369116201,-8.363855812675967,-2.0684054198758934,2.9130960487657123,-3.455405252209554,-10.594845595252183,-2.409250807353399,11.424701670391691,12.942037783563137,8.171036309614363,6.593499028001032,0.0007644180764651133,-10.264860046025003,-8.410366917145438,0.6935810080192621,-0.13442317254116964,-3.9923462868254216,1.3045789370339156,3.8088331044677437,-3.420518271599172,-2.4853871341393745,11.141651648235792,14.918806750534308,1.5355610396988293,-8.036591699760821,-3.1924636001642486,1.587462989343395,-3.5465361323957847,-8.654082849401878,-5.067404604374638,1.0199101449559547,4.318146233243169,8.97064104091583,12.19548716759568,4.063920043887467,-8.859667864317695,-10.900702098345695,-8.56780924818789,-15.234732215603193,-16.595995238581153,1.6090869022300467,16.194484680270154,6.2473988888992205,-5.964514298519741,1.398876414841248,10.514723351251128,4.750377103802748,0.12859446875518188,8.657163331193361,14.403910416644067,4.925405597761306,-7.467179264278254,-8.415786279481836,-2.6135384529673806,-0.8170925248737654,-0.19512310969488075,6.070546006525142,9.44216775279751,0.14201367222186592,-9.800161688278118,-6.724872894494587,-1.1916653793628535,-3.8403334903220334,-3.936106942183364,2.775868553380456,2.9255772731137566,-4.257664744722812,-7.748103646639113,-10.613529694059658,-15.04980716150668,-7.485138403355247,9.586205800801205,13.058751242998065,3.023814176907763,0.6637770889970448,5.541976382593727,4.81600874894947,3.6140070096201575,7.28187903956536,7.909646479671614,7.680410465872329,14.156433419324458,15.86604818678461,3.1783306199876176,-9.349634339825975,-11.820755338296294,-13.882629302731301,-16.796421502095956,-12.277776418551285,-5.694985657477648,-3.6385874500135995,1.1536292022888626,7.557256330891202,2.8304602669668384,-7.3383498173207045,-5.529866139171645,3.4005036147427745,3.345885015817152,-2.268579691493263,-2.3264058640666514,0.3427561208825662,1.1869401255130976,5.197169802921255,13.388359655056977,17.22019798683727,11.329026519838306,-0.4010741549880347,-10.183382184386979,-12.269877430465487,-7.447757768832768,-1.6801747866783343,2.020739870999629,4.896025907717154,5.615282441282438,1.0
2.5183088159085147,4.1192298931483595,1.9246291174656815,-1.1512297573402368,-2.7163959063893546,-8.590092697594729,-14.870798814362692,-7.31427443853848,9.071022372796303,14.632632920026985,10.027606899086903,7.533910732250661,1.0646098431720423,-15.535213937362036,-23.331107791875386,-6.678107634833497,17.023399252043518,20.920755866708028,3.0260109654175014,-17.53645984745688,-26.589600118291045,-25.71936700366334,-18.424137262511067,-1.0489447732070403,21.693700488090045,32.743826068834295,28.82865361382978,23.646502167193425,18.292042860709543,4.745393245652344,-7.115437033029997,-6.791753150396592,-7.268418684562978,-16.852486151496933,-21.958421851520043,-19.196608738249374,-18.71415658377939,-12.531030769977304,10.928209248167049,34.176063324738706,34.901900382350306,18.017528278985992,-1.6187108367335492,-16.9019802573732,-21.82051074750618,-16.057218241091405,-9.10349482426601,-4.036453083519721,3.9795190457306386,10.96999431398904,8.45436929533672,-1.710458736782635,-11.388688679629317,-14.913861665305578,-10.779111154868993,-1.9144044451208577,8.973169047463065,17.827365447611857,11.075210811068246,-12.666278766325881,-19.788936732181657,9.459041814966541,33.357552040057875,15.15034105980562,-7.8221110426044715,8.667950072530907,40.37563023136722,45.11891341519853,21.27045115882841,-15.482028572250986,-48.81942085632019,-56.9029810577631,-41.16998160733945,-28.73789402925306,-22.874444989021868,-5.600083982054558,14.76051089049886,19.239675901985418,14.851726650984752,11.66894528750951,6.927885126568274,6.493495199583574,12.933649780927226,9.930275282486239,-2.838037859153701,-5.223166351568782,-1.4472011379613023,-6.735645828823585,-6.006103674467239,10.441548661134826,16.77409887135339,5.221913849055353,1.8884525936931216,9.468959981187558,9.757947594444785,8.676795397891611,10.403185956438797,-6.327766506337664,-35.490041280786194,-36.07890069401927,-4.252750817427619,19.833086473660337,18.05657708318904,4.370263151746864,-9.541222268734904,-15.898992190396207,-11.375118750781338,-10.135942152261528,-19.10462053445129,-15.953934288221514,9.214368335372354,25.99016475764155,14.669130430660314,1.2289591360256762,8.41117230978691,15.97941326570516,1.3621254553759679,-17.543670362650623,-13.521076790134734,3.467050112939129,6.635326323933744,-0.4132156755206072,4.7744392001251175,19.97366658706839,24.880723112366265,17.1816529352994,8.465500880546946,0.49005416799466023,-9.33037779177539,-17.056664275100857,-20.882515431174802,-23.12225506294312,-21.62941803928051,-13.981036563688475,-4.3212694966027305,2.2885429264149733,4.141681286247654,2.2114205130686364,1.4437878356354001,4.973043601594124,0.0
-24.300402075310963,-11.209218487298736,15.487063339135299,24.69752245851689,21.481614431657363,21.27537804829424,17.10594314059967,5.418890998000279,-2.7235804506538748,-9.44927638150855,-24.541353770169533,-38.51064680020014,-38.458022347754905,-30.57192601605008,-21.558845040388405,-6.289045500071047,12.472288865544316,21.73388312270658,20.281776734420824,19.244132687247152,22.875391085425186,25.434775962235612,23.007304515715482,17.53511138477673,11.130274194835996,4.230178548281805,-0.033476388667218596,0.16214360298343106,-5.112566162353485,-26.41550611332059,-50.58065529498789,-51.82529020454321,-27.544170323034955,2.328702896493875,22.713684182614088,27.97603905521747,19.347712992587024,10.685147682929205,9.573500448630917,0.531363875684393,-18.91205699013598,-18.396876414969384,9.375622533313516,24.463629322436947,7.671266419030467,-8.63083206164366,-1.107738975254405,14.498689695364899,19.59482600832901,9.851600994304237,-10.095212893146607,-22.271083588194514,-15.48926242003088,-7.6940115372158795,-10.018532888795663,-2.072034632502538,17.593547163427704,15.336488660541363,-11.099072712654662,-22.23669415593354,-8.86279657937444,0.10007633100677696,-1.8122068082318745,3.104707894820927,15.555787617676994,23.93055768088541,24.58656749929974,15.83130117981798,-0.7899412885049565,-14.457558702483462,-20.223500824352314,-22.16642502762584,-17.31560495410425,-4.690743842886554,1.4380309540364478,-4.785100981903573,-7.820449761182924,1.6832569486246536,15.916887004329409,25.94372285118637,23.004557088508996,4.6996993542545376,-7.5882119746076775,3.152256136330026,11.989314563811705,-4.587612173901612,-19.314398830135662,-7.271342330534632,3.3127128069285794,-10.988743092968232,-24.13212399246792,-15.393333973186802,-1.3110874741493415,5.9797912434053915,9.645480709580523,4.984175496424238,-3.732502065327329,4.268054536430605,23.322032511337763,22.78093772761834,4.774389147451277,-2.7096894967059293,-2.929849903940016,-13.885883791443323,-20.105513216649545,-3.804110422523485,12.388924825865413,5.468499181048376,-7.1216749759753135,-3.3497218657802375,7.758367406540653,8.554646475004525,-1.3029303981715605,-9.721728191167736,-5.355080723249961,9.152576673711236,14.318631747336541,-0.8233099216595292,-19.251018413264926,-20.695051810523083,-9.57298360140218,-1.3300949419240675,-0.17589321350937503,-0.9930735094757337,3.4607737598513872,17.092584888968204,29.864958740356897,24.566865958557983,2.7054461968234844,-15.1863872711191,-18.41117361539768,-14.072228575406674,-8.434423927763014,-0.8419900291288892,7.605249246233143,12.81271590734832,11.015505256027811,1.2560908590805613,-9.536140261787093,-10.825792046007539,0.0
1.2033326950752072,-2.9802228104898756,-14.838257763560655,-19.950328029692173,-15.259924322172688,-15.194363941658391,-20.876854622322654,-15.845420219379271,2.313157923442001,18.281712758484193,24.11777296465718,22.19790623564687,16.18676801980473,14.49149270557488,20.646384545446683,19.11006877095335,-0.1014546418769492,-15.87642086752587,-8.17472588952579,7.339068374124407,7.121277903749918,-5.6381640984780255,-15.86506868636934,-17.872236283754724,-10.797232563089993,3.1082091229683204,13.159139913830181,8.998179745239517,-6.955947807964145,-20.960186715418885,-21.04071335674962,-11.787832535874461,-8.87839758882506,-11.146020681493813,-0.2665293740380245,20.938236990998526,26.491001586015855,13.155464498817715,3.139493357597126,0.7696149620589696,-3.9185130424642316,-2.6867948197056344,10.188861650673466,13.87577065747852,0.5748561923392117,-4.080437027260713,7.854238652417229,9.502063312150616,-6.490102526835269,-14.812307592730374,-6.748389375784124,1.7598660945077427,5.004780729120183,4.416475449132526,-8.163849153038528,-26.83218712473495,-24.53263293263606,1.7860712525305442,19.437401849595418,12.530771740712225,2.508937564238699,5.810667290733869,12.517408567170301,10.174303707614955,-1.828854847764079,-14.679897175299832,-13.264705379115185,3.1385680179907163,8.535474703131412,-9.4225314670839,-20.812240747993606,-4.56099682484637,12.71797410219248,8.568243136241412,1.5539774868326883,4.6241860910474015,2.4373450273259447,-7.107158961550643,-7.822567766129699,-1.2580562548306868,0.733776039042924,1.1395107653612893,4.838636116642091,10.537842451892276,22.145441679283977,34.11168703059148,24.445988199298476,-6.353232698075266,-26.4601687887787,-22.243841287434204,-12.237438978029079,-10.037415934519636,-13.897535979902992,-19.022369248068166,-16.532269848510623,-4.8867831225895015,0.3931808448655324,-4.060384083681533,-0.21322236442938447,11.632094314270136,12.863686183528948,7.814412972757257,9.9355497797175,10.432552954130289,6.601769348464182,12.849750395864248,20.31151296065137,10.185172877714244,-2.012696408708709,-0.9890193916960723,-4.872347818765168,-14.6219365959599,-7.2149934253676395,1.8997415698476188,-15.185079307761043,-30.942205137599053,-15.886464999781715,0.30083098284538007,-2.7475288928641626,1.6669984206350312,15.076804618739212,11.528591688851723,5.413852841515715,17.66628466324053,21.102059027076596,2.8545990798512424,-1.9310781526178795,10.265395296330098,1.7750169396102946,-22.23514144393428,-24.47561327675875,-10.036318087148377,-4.43856451060209,-3.999455916410726,-2.9555366359612285,-8.647730310777357,-9.736089415356723,7.684968475921778,23.626262820920804,17.290177950208697,0.0
-3.822222354969805,-7.748080898645437,-2.0045020515681244,5.876328954026879,4.363717358006397,-1.7515726170450863,-2.8510047616760454,-3.094699275537601,-7.0877985496623905,-6.961647085431549,-0.22050696492078714,2.275913679674785,-2.4407239716230027,-4.508765802540842,-1.197830736630648,1.4365102271129015,2.8036280011486574,4.330030884260648,2.523743612303709,-1.259445607392182,0.08231278356268174,4.343555882068661,2.899743951456104,-1.6154942067158926,-0.05798374095077937,5.623103534388873,6.958889229675858,3.6759721152225717,0.8805899712476983,0.10999990122864903,0.4343702420204257,0.30779876398931566,-2.5522002110697537,-6.4019957415229225,-6.175809394251297,-3.6952952516488344,-5.673429845803993,-9.005944572958267,-4.597597759879944,3.6725078192022114,3.935553447666785,-1.253919595787819,0.32754978171497995,6.68821334079621,5.519991248315717,-1.9192939962667879,-2.8929583044826157,4.2169725558180495,8.455494622777527,4.907122137839906,-0.2910147833459228,-1.849627039175377,-0.9515448321639673,0.024443336435878236,-0.20526577530917064,-3.8268808652840867,-10.160918014098165,-11.489693351128759,-2.418806882282499,8.947982185706174,11.34015716969346,7.559718633419834,6.7233678962026415,6.527447950883976,0.3335555835672292,-7.32076605486994,-9.001488748658934,-7.397978917878289,-7.10223853355597,-5.827455398261211,-1.9603988201092255,1.705370436500137,4.590880681909362,7.601723496505453,7.614554689049125,1.8843006754937557,-5.122789774506398,-5.782788875202338,0.6133969973177753,5.484863564682503,2.1751033931634285,-3.427317056717584,-2.6256253146113724,1.0058424837188795,0.7476895517773099,0.8369600227548896,4.379162376198413,3.6454814340557076,-2.4786825289746854,-4.103922877628873,-0.9731640787665836,-0.25997338255466373,1.608911510657107,6.264680461869931,1.4179640148666093,-12.307349343887633,-13.795084183854568,0.3968459756676263,8.92095371186992,4.386549802936821,-0.4706028389595708,-0.7905284256816635,-0.03815048481596427,3.0720240484095283,6.913773865730036,5.961459323812353,2.281086894162096,-0.985296406146113,-6.125237174020892,-8.55384380264958,-1.5514822254238727,5.71136124968891,2.8591997786231027,-2.1005955290359757,-2.3670483602242407,-4.888894535303633,-8.27400868675775,-3.176973360021495,3.5580294458712967,0.8996055935373685,-3.1384945215993665,0.4743341088695969,5.014429851363982,6.145970954527406,6.965812337740014,4.052694468495449,-3.003892752411856,-2.9626904378852084,4.951586648703799,6.577466162891748,0.2966047388957425,-2.2094995596433162,-0.17371300208530252,-0.16700541485463166,-1.2493140717205178,-2.8622243069742885,-7.616032805904979,-9.822202303110519,-3.7083269288592016,2.710708004920485,0.0
-3.008784003399948,-4.823742589473391,-2.0921193784063994,0.5899077211183289,0.2738229018472743,0.6043227435147855,1.4593752887424973,-1.7333064146934904,-6.107336595402255,-4.8574699942190716,-0.6203328521256076,-0.31348702936278033,-2.2730075235966876,-0.9109502304410044,3.0535908231686335,5.450378664704557,5.140113158306728,3.488421607251641,1.8495138757377088,0.8379490732137734,0.676793947904015,1.7829122451108157,3.3452064934212506,2.8812925671485976,0.4817714296126117,-0.7595085621513944,-1.169090337973709,-3.3216767967807956,-4.276177202985208,-0.4436594787241322,2.9014439614515544,-0.21164205998259908,-5.4449691382340255,-6.597413752318567,-5.019352487378961,-3.010945044891236,-0.008411050845299743,1.815839054231118,0.39093277571050244,0.07029653591275241,4.524150657448142,8.927873728382918,7.083643680024478,0.17525099344655043,-5.536628023359096,-5.561935016574959,-1.6970307904541388,-0.252149418591014,-3.1502482945280565,-4.835709402997357,-1.8831474973380358,2.105986286543258,4.27480974715824,5.58340265024324,5.819389273994602,4.920136054900165,5.719029242328058,7.843623044538415,6.080671437071739,-0.34345160759079996,-5.896133759498803,-7.616791305753092,-7.146782531506485,-5.806897009490058,-4.464241806003782,-4.395773763994738,-4.956649801797337,-4.71082162900388,-3.8644479182354794,-2.1189154398549968,1.1373585308449239,3.3442701152186296,2.5917041322488026,2.458364972779312,5.043967744257922,5.857389815901923,3.2470707547989957,2.4372620006017516,4.2235306661006895,2.8847524229074932,-1.3622749430230923,-2.3686161080452925,-0.4292433751876767,-0.36093210665664327,-0.867053418070504,1.3190521848672587,3.193968972993187,1.5315615656889148,-1.010120966921224,-1.964717955263849,-2.5281759640719326,-3.095496633556751,-2.8433783188423454,-1.8125176884900105,0.49257367349087466,3.113638724679024,1.633056430162267,-3.762726559075721,-5.3995215008294,-1.8511711208298545,-1.4651889647001453,-5.334908287428941,-4.849612783174962,0.45862664373998996,3.278040230988861,4.474993571781346,7.9674335083174,8.201390823349357,1.3867991079589248,-4.087323690884255,-2.2427537674084306,1.4058833559328276,2.340234118125712,2.4560518569172323,2.3748590210290987,1.369614875936855,0.8828951698055284,1.3292684010262343,1.8609853660681337,2.4070113106281497,0.26465432948397294,-6.7369098012439075,-11.64436103693313,-7.323247297046085,-0.33429541981604416,0.6957722536252631,-0.08958391624360552,1.9539878137422622,1.7177959277760237,-2.01796345203992,-2.500630905995624,0.5310472065725157,1.6606258244234293,1.7114845662274294,2.5385586810104237,0.625889451529171,-2.8547178460673117,-1.028875341569397,4.539621276173016,5.54912752037247,0.0
-5.612648576543304,9.983673705628867,8.477840871692429,-9.226762205524007,-6.047449874769275,10.714947716669283,3.4834077797519662,-12.856062601734367,-3.7002899711822264,10.05655506827558,0.2650281033970209,-8.417383943348089,3.8563222133347557,11.158020037337943,0.39649428728605723,-7.005504253423876,-4.619784702107103,-3.4081755205600834,1.9672211989656918,15.813866293950317,20.389250597606104,6.052725511913498,-12.496918813959281,-21.183229573769495,-15.894549401166538,2.5650420084906123,18.63857668410573,12.945428228225662,-5.237647018602325,-11.48053695655997,-7.699699897258445,-8.560393256704426,-5.91055497333097,7.851294643944129,11.52873321171824,-5.340125704368499,-14.28882660344243,0.7562701397724191,11.427648132408244,-0.7772031955278685,-10.405795114554671,1.6890626200604149,15.726490935714942,13.653463512406839,5.518488852514161,1.3273493873679802,-3.3105147222263946,-7.846578297411018,-4.744461393184287,3.5742983947663256,7.595432051405725,6.2824248714193045,5.070471013546921,2.5062347496148303,-8.368540022832653,-22.866624878564227,-22.66433900491231,-3.9299527420532994,9.108325899533359,1.00402851206147,-7.367386092690544,2.8259492362250915,13.726875698607829,6.905532163469616,-3.5368862924838647,-2.703787919547823,1.8660153045978707,6.046409236983487,13.792751316731382,14.194850600686753,-0.7329584389873263,-9.903039276651624,1.5298717951720593,10.479441483129953,-0.6444464499622377,-10.85270720285674,-5.542639491536344,-4.488311220878838,-16.582866554588286,-20.192454563945326,-8.989483009558171,-3.5223292007835374,-6.3508586148123465,1.9757827188716166,20.486135134680403,28.42056612380677,21.493944237940013,11.413331397705608,4.67819903876322,2.4315467911704522,-0.14752283288786808,-13.52850791444588,-28.819973817586693,-19.786041574164603,7.221111987517765,15.83968510145011,5.220888369147563,3.586874562658421,3.5022690245726458,-13.984039900352299,-22.746893080830986,-2.64033863606811,11.648054903217902,2.038134941805361,2.1647848853996643,16.336613161476432,7.545318880751842,-17.782315839651144,-19.94799720793445,-4.913437400207234,0.009830773258323057,3.7411595498754955,16.22836159945776,19.24843070502134,8.799785359406895,1.5510050049051642,-2.0301451795449896,-7.200820661227529,-5.3358002213644795,2.5436413548789765,4.011377300084051,1.6225473375007924,1.5097740021948185,-1.9293433460487803,-5.281541027937136,0.051873886647323765,3.176053119616376,-3.7419887384943045,-6.111708690619303,-3.1941701194349057,-12.064108888680089,-22.612899518882234,-12.936752014043224,2.681594839733508,3.6203017061100886,4.022326024430287,15.349274608086692,20.63142876725437,13.517740424411992,7.595022107914297,0.0
3.570890354872164,-1.888717979580785,-4.996784715163004,-1.6522717382500156,-1.2426184962387197,-4.322283843079479,-3.0786159976966143,-1.4982389200603292,-5.141413338922171,-5.608574336912069,1.9186408025691182,7.923597190037577,7.340541667097972,6.096386312558833,7.619285522869581,9.494405032756427,7.953813296277076,0.5152426403041722,-8.606001773267053,-11.836962144201001,-9.357716700230311,-4.920968511607498,0.2540385953616351,-0.9534346862120502,-12.506904150773254,-16.666697468388723,0.17185464646738385,17.686083046305512,16.84221062594507,10.881259295817776,8.072005392052233,-3.466670069035091,-14.951207317334289,-5.629885068008055,9.891370220963532,7.919573989451035,1.6207341403723048,4.83166072445844,0.607111718242878,-13.648323565876732,-13.455494114922153,0.523508156520418,3.13835966283447,-4.398271882389155,-2.7682427842971973,4.773742585818076,4.908259646189334,2.0606763829386585,5.072804035542908,8.581988685816112,2.5961386535394317,-10.291142223351118,-14.312433915833632,-2.481963127838551,7.771658627212876,1.8414019421195715,-4.651448008462062,1.7196510999330914,2.5732066955873356,-10.978117806749651,-13.233613475795007,3.87501223742341,12.389569649369353,6.734631723090489,11.068983346223831,19.370081790826386,4.341619578369621,-19.05536821215517,-14.67942387652066,6.904417923237714,10.077870302419695,-1.9557142101952598,-3.439089384408564,3.591981697297241,2.269998614766842,-4.545517178963767,-6.5501295729126365,-7.270402338523935,-11.534295173982779,-13.010067666363385,-6.450605961778718,2.7701296250969687,6.859658922948357,5.498900334628868,5.10235713259317,7.767123595526856,5.3590309783402414,-4.327181821591997,-5.176346799022415,11.112684291755109,22.739812385446083,11.600975528592244,-5.052323091218972,-7.631655276041581,-4.534496269628613,-4.427718627602896,-1.414690210716799,-0.3487260858269615,-9.3625435528326,-13.394209078797656,-1.514351059915498,6.582775287537111,-0.0856107132599896,-3.083299396416502,2.887462998429934,1.6642596243643009,-5.697386323435542,-6.906571785773849,-5.5486466655727575,-3.121857013915562,7.763076548749167,15.150687457993627,4.560511988742898,-4.771618036126408,5.318556869169697,14.696104975779438,7.366227312735039,-1.0342739989347745,-3.4950956811468736,-9.034707742691454,-10.093313648792295,0.24245461945732436,4.046236260030936,-4.830796991914718,-5.849342156938898,2.9588773966590654,1.7360062300059427,-6.543888783949013,-4.286749000541426,2.9967189602434194,2.2531629623085285,-0.6840921747045487,1.3834799625005365,3.418488278351207,3.0069616058907638,2.904680378997,1.8956651583430357,-0.5498635136496483,-1.4000093034701422,-0.9985942242848169,0.0
2.082196960640431,4.224325167429116,3.3636020327038647,3.4743340909642737,5.400512772838637,3.2421473748723253,-1.8221655338355858,-1.1862617320921345,2.818446155860632,0.011995514937249633,-6.200890243855408,-5.112526837425928,-0.36537340133125124,-0.8274545270057084,-2.3919403398985093,-0.028455574371037073,0.538991907837044,-1.9837012920567456,-0.5538900177012288,2.7030864462705924,0.20658664719667286,-2.950627681113676,0.8838313101506274,4.978537009809063,1.9434348748311296,-2.7912273542541595,-4.307780998500271,-4.436964788991544,-1.3435182010903697,5.53127126284461,6.643677752057556,-1.584624115560372,-6.505773360724561,-0.7626345549651887,5.7504796050100895,5.207626065886062,2.0389765820638988,0.60456693457349,0.6247046144950824,1.734521502050888,1.666830690849262,-1.4271328911385757,-3.0571367884856753,-0.9227192955828892,-1.6312097744343594,-6.251430642318963,-5.178987400334639,2.2844368000902855,4.570228737856572,-0.5705486493833531,-3.691793732830168,-1.642494813079894,1.54319156416265,3.7822769220478625,2.6046191544478967,-2.897434279232079,-5.302982882506007,-0.3457903564429014,3.076911800466607,-0.045774192976144455,-1.4571938376401603,1.7471002382290963,2.856314656614106,2.4456247434330485,4.1478152219464794,2.099942066507841,-4.4383038819521765,-3.790763740279039,3.882212928043575,3.838289202992908,-3.3291019000720956,-2.629136214084509,4.939654094244664,5.728384677941601,-0.708728344124716,-5.1736578285377215,-5.456815932279117,-3.973700045452764,-2.511067211860791,-2.661722726210428,-1.7318272032013435,3.3264050435521617,5.702593352742649,-0.21017475095060137,-4.6317783473318235,-0.0467739891480758,3.8000056002250253,1.0676320505347878,0.6320368544952039,3.7257081120971836,1.1085464816036013,-4.35308118394783,-2.709788672726265,1.9985517576941574,1.5774805300978996,0.03978038547534703,1.8949103234384286,2.667749286564584,0.0667090943057297,-2.846381619634081,-4.7364559944512115,-3.848797262111071,1.8232959379286815,6.729792102705687,4.216656730238658,-1.10253028234648,-1.7930556864658784,-0.043063163498623505,-0.42442209333401276,-2.0593999686857893,-3.3419927639446945,-2.8398420867177063,1.8259715158557002,6.6841088314023285,3.471615034241242,-4.865192567515704,-6.537734715416769,-1.3705234869784262,-0.32262045379805687,-4.481804007974763,-3.5079569353191697,4.886192311907911,10.438513420780914,6.7554656905768855,-0.3306693409168575,-3.506521995548004,-3.2953134776713946,-2.6002815237863817,-0.7912010963805692,1.5950208203155651,1.2385321679628558,-0.5045203622430563,1.0564952410899826,3.702238854011133,2.1852385950739213,-0.2975388210422049,0.8940301654123081,0.7395954746817652,-4.551542075325011,-7.292225441601153,0.0
-0.9590519412433625,0.22245031864278847,3.289842431931498,4.684104771793096,3.246800135513897,2.8580717945296783,3.9281786208480804,1.1195224029733153,-5.912102004202704,-10.324546000556438,-8.759985577431507,-3.9733375216084017,1.0886321199488722,4.146240554756433,4.112784103852594,3.1511571071911626,1.6005050872400817,-3.0853291747625917,-6.633288652539098,-2.0355159423262297,4.487156636686349,2.803633861272172,-0.6363940381464394,3.899098646788237,8.895065606209553,6.014135833247565,2.394718853963746,2.687658394987617,0.45254103229510495,-4.0970738392336195,-4.56490471672603,-4.097776267962116,-7.254928287128375,-8.698063395555234,-6.116405034153205,-4.991670415633255,-3.884624329654293,3.0263701248525954,11.181093253971389,12.52400475690633,7.884369720113075,1.1960005403767962,-5.105293507972318,-6.76140291961686,-3.3509890478485937,-1.3617307236741505,-2.7955869262708197,-2.780016618547961,-0.3083113506371673,2.945630317502138,8.42387722114088,12.871202125731442,8.074747987350243,-3.3595468138810247,-9.265340392115629,-7.083405028294591,-3.7239563440347814,-0.6261623093903634,3.7990987396204017,4.867605976980283,-0.6149407751703014,-5.8401433876844955,-3.8569911218300046,1.5696912028943188,2.6779328559189,-0.3165999585924308,-1.3941990381443046,0.02661625625074117,-0.9877877058493646,-4.163296375627397,-4.009069686978667,-0.6655963928464593,1.0748145066382777,1.5359197384677827,2.9299269806619526,2.418153554353113,-0.6266048360784124,-0.45958243426543455,3.970353339035581,6.619454049324203,5.861927153920988,4.3239736198188945,0.5345398400742043,-5.510168404745248,-7.1808827086287135,-2.794331992704732,0.3254001293098554,-0.2698228099486894,0.23525883505741754,1.410828616570345,-0.5965203874349956,-2.6312642934952035,-1.2897705187335506,-1.1039233281367666,-3.507933020410645,-2.01179692716687,2.507739072691442,1.0949944542323162,-3.438115418400331,-0.02182432798953313,6.288068709519899,1.963696792204347,-6.034723200990508,-1.0563566612608686,10.017535912105814,7.809373109025829,-4.6367820247364255,-9.513253949854212,-5.011976292259836,-1.713038715831418,-1.358642851060722,1.0122588616856472,5.548560534254648,8.919059646522832,8.930214660772537,6.346934566022052,4.891847004803519,4.331234082366184,-1.3900690760739154,-10.817096007418716,-13.519604221658987,-9.364083698087294,-8.140630278063732,-8.116806169971824,-1.5443840200492156,4.662161052602136,1.9800000058797498,-0.6969336746260524,4.313777307827776,8.328554175069762,6.717256263907378,6.685729744255594,7.367274760035798,1.1693727128311164,-7.107671590166218,-7.862652738785578,-3.5781368627439303,-0.45759006818277864,1.7967312659974495,2.9807698889295957,0.0
2.2176014248333455,-0.26930093095385627,-1.6142542771736368,0.27116132357251543,1.8382254549974784,0.883180481895882,0.860894948169011,2.8359601521644637,2.3208535568382,-1.1183695621261398,-2.4022891800203876,-1.4252943740122848,-2.5250518310220085,-4.632649315715146,-3.9529900915319254,-1.8945787837987558,-1.1585275075566541,-0.882377053054774,-0.007051538792438805,1.6915849640984864,4.3452791698315805,5.23579253631437,2.5843427632903007,1.4762736001697097,4.8461099629963025,5.673660804168321,0.0816759828853214,-4.913712349383989,-5.4298700231528425,-5.372405064085291,-4.845605615843346,-1.6574502956872392,0.9205194962269161,1.452920570064129,2.975184474977949,3.146049153033851,-0.9594372357856223,-2.980764075466949,0.5273797015995823,2.2835113854542013,0.26326456946683013,0.19405738873885842,0.4402254551144627,-2.024169840714118,-0.9943202898078501,3.589653052667725,1.552888833950015,-4.877218913796241,-3.8148794300440283,1.5402034453323319,1.6986155928267788,1.025522965827501,3.7035887143679753,3.1974544348712595,-0.08970850367445059,0.7289051899376014,1.639442915284437,-1.8471965502443102,-2.4797337020928456,0.6053648129341632,-1.736430926706008,-6.405056066086723,-3.756078512343164,0.8612653038419213,0.30843025097177207,0.8734246656272767,4.042605543174432,1.486522982272921,-3.9554889488725973,-2.7927513329074523,1.2995919603466366,1.7014166268507123,1.9091129904263653,3.2594839932838418,2.38231333058017,2.2143443560796894,3.8132878840487034,0.5785613267071312,-4.492245051359835,-1.280412468026043,3.798653624887164,-1.1391940275320342,-7.45937491944561,-3.733186205289611,0.8016587482125033,-2.309831743086559,-3.8576333536119716,0.9847030088551239,3.9894036411747544,2.8377258990456338,1.9741518559878588,0.6082801216851093,-1.1723971800011996,0.8496880866457812,3.6968265859888763,1.4951535509273475,-1.7997304352530692,-1.7647197552400433,-2.4515338696849844,-3.7010961870287753,-0.13597902513316107,3.3940762012607593,-0.4274543951291384,-4.196442219145764,-0.12721205582622336,3.6672155694880835,1.0656071092186419,-0.12234056338396233,2.6220916787990265,1.46749790391833,-2.1307384251591026,0.5925316865905188,5.835330623247298,3.3562709593922286,-4.2276389007974,-6.673549053583378,-2.0500694189718667,3.1577528769218284,2.607534721909259,-3.2276813108474016,-5.916320030648624,-0.6507087672426779,4.157102362918926,0.9196051706732962,-3.2455991211625386,-1.1668728149897005,1.5562484990546688,0.8541960795587834,1.0683973444134205,1.2365028662089672,-2.521665050803373,-3.4289983236424937,3.6000722593226886,7.755812276491067,1.8837253583414066,-3.1258401471811035,-0.14317339490096653,2.1513309792782014,-0.737719528216985,-2.1084379083024234,0.0
9.34289415491124,6.299340416185765,-3.680591106013809,-6.842762963147834,-0.781909541937542,6.259470981545746,7.926061723355411,3.0162718062638305,-3.1590057812314223,-3.830181852578082,-2.5941281669721423,-5.707035649386752,-6.656160677153013,-0.438024884607229,1.8679162536670144,-4.735263987573692,-7.631171017160846,-2.510446815104741,1.072064130583183,2.9272695961925717,8.300684995121426,11.362122188700596,8.165171614848077,4.270870677234295,-1.0126169803026843,-8.889231463848976,-8.015599333474206,2.4891035012551583,3.375260192111859,-7.055111257876787,-6.156020030139997,8.219645415245193,13.355104862608844,4.367963120354236,-3.2345790763954736,-4.791166279235363,-5.891360698972777,-6.785235616973498,-6.9643229168529315,-7.006400167959833,-2.5794458521736994,6.691646474930975,11.465076814868048,7.285886695711977,0.1576835346641019,-5.224301531885026,-6.98637348624268,-1.815062517772377,7.0030156938268595,8.721003168961033,1.6015495790666643,-3.7445753304831064,-2.12025975902927,0.05705779172906963,-1.0981574425564355,-1.107907023429612,1.2127378544262482,-0.037072322421914175,-4.82503288832312,-4.314512827045594,2.668320915525934,5.902719355485816,1.8360941231286334,-2.1670378226651033,-2.4841992047408388,-0.0176129448098234,6.053956754395687,9.049401632820567,-1.5461656004691677,-15.1502338644738,-9.704806505909396,7.679390828746061,9.161990998105871,-5.512974063594204,-11.814253073703084,-4.32045409029686,2.3237210839644025,4.692040785039556,9.39370896875496,13.016888011971282,7.800245333702252,-2.061532426167913,-5.661100788132495,-1.951335598404209,0.039080954546483956,-3.0043092596331715,-4.594320789574542,-3.0755622866757526,-4.3048213387373835,-6.6744177347605325,-3.940251146524032,-0.6721154034797413,-1.8541142002278421,0.4412957610329613,8.21841997311761,9.493218778425621,3.719640574437411,1.8774070680568304,0.28570170155985075,-6.910447892407926,-5.377657845137744,10.937508791193572,20.15990946566065,10.689836737337625,-1.8638046929570717,-8.729682366258608,-14.400950255389843,-14.663350929143942,-7.422724867317204,-4.041957230908641,-5.842772724598439,-2.664659487934033,1.1569945327161502,-1.9692454206524417,-0.960617960159046,9.738946290583247,14.288972369498676,7.375313145056781,3.4355735149131053,5.270264330041957,2.6162935834905108,-2.7074771540420546,-2.4846638464724595,0.42238565535970135,0.08508526394467077,-2.798002526112315,-5.493091017434684,-5.501677481535201,-2.2991455951188176,0.09215505668059147,0.9394422670722835,4.49644329947316,6.195648904385355,-2.73339953903471,-13.583441349470782,-10.048135340317256,3.1596149446591477,8.867839662979046,5.096656448686392,1.2626816519671895,0.0
9.874388813558552,5.842140597963913,-0.2394634247603891,-1.0296076656668447,-1.8357187512770503,-4.099920634361398,-4.1334299260439975,-5.329304517131984,-7.415589447391944,-1.4795549511125299,7.987784162823421,5.866306674931871,-3.424801634356198,-3.453058048752913,3.090909037997739,3.2337967656785622,-2.346234382046128,-6.6648252888893085,-6.845474515782876,-0.2965649709124894,8.819546295433408,8.619238040914448,0.044240131694702235,-3.484472637362261,-1.2800046128387395,-1.6842949848311644,-1.5462543135896947,2.611090584054207,2.6385242068467454,-1.9195536122295178,-0.11813112428515321,6.929784334730357,8.716718849932981,6.2655934693240045,4.556119731869937,-0.22624799561324632,-8.693801295348546,-13.750489787974706,-13.280531459824285,-9.30084255673056,-2.0759969916931973,3.528118593398378,2.382920914889029,0.9352114326935003,5.067038671650355,6.93756792125512,1.8888656184911572,-1.4293950918913145,0.7644181851840889,2.991674202094954,5.265239839002283,8.793548076727246,6.61156509682769,-2.3631127322215537,-7.245480076720317,-4.945506057866926,-4.742621646385386,-8.705698254666963,-8.544940711335382,-1.8578792580584478,4.533922153958378,5.494562219828367,2.8616617817250596,1.0962048071572401,0.8563670821086917,-0.4934695276169805,-1.5901134795341123,1.9490337942051055,7.552858085378022,7.6088935615294355,1.384183944034804,-5.256967726008345,-7.524581485201553,-2.740277011296712,6.346237054974255,8.981448150446845,0.4455809187169911,-8.361305935282466,-8.442498297876833,-5.427019947117919,-4.880955833430765,-3.942199088568385,-1.908175786672574,-0.2351675793632037,4.208096342397362,10.329616697401637,9.138311250458678,-0.2318843189439374,-6.735899714416721,-4.655268904138615,0.6702846984715305,3.653625322088677,3.8428603012669353,3.7741773310376123,5.174075288077195,4.968920441732432,0.32966769951680264,-3.08146194032007,0.05604172723704121,3.0861940351282504,-1.2110759740068413,-8.091700028408216,-10.883479934470314,-9.294768704489494,-3.9277607919882738,2.471196263061655,3.6413102249951206,0.7629607881999587,0.7765351245179772,1.4513148236049649,-1.4976031548770454,-0.9817080383654684,6.141519588935706,9.184056565889883,4.744817438199082,1.0271616858792387,-2.13557762921846,-6.974918057883365,-4.109463336398928,6.261777776015354,7.407681162766595,-0.6755739739100035,-1.6727626532083377,-0.04245241666083328,-8.78498273227726,-14.067239296519094,-1.9887147125231825,8.92924891365692,3.994572165053493,-1.0428074420520312,3.0043233421052316,4.318214914852029,2.315735922440783,5.626321413761212,6.165216208163959,-3.448182477693384,-9.90872394055542,-5.562774064691944,-2.0012984009226784,-3.364680199912982,0.0
-2.831198109132755,2.071092968024055,10.188839390265153,6.339329358817647,-2.0725054254677766,0.4182044187586548,4.393996768579301,-2.065090822832038,-8.036563205076769,-7.029377099928549,-7.607804387135224,-4.852620923426002,8.986579925184035,14.369246844454514,-3.049153332124762,-17.179452265764766,-6.041855934955594,8.863682686700486,5.54551317778209,-2.5408485794064797,-0.21889104279398452,4.373218825086951,4.259881177761902,5.725196032169657,8.838268889654703,4.650542705306886,-5.219799835485497,-7.312224383521728,2.04432534892112,9.465024453008986,4.733086850002615,-5.366287337072815,-11.520089735221214,-14.629256782354787,-14.937791418051347,-7.478261882982527,3.7059365061771437,7.8251632460289535,6.126989919045526,6.460335159363846,5.0466719855968325,-3.623651367250002,-10.640222091079018,-7.057042347994866,0.2750244020070467,2.697776502269941,3.934902233977078,9.530918661893034,15.652119553337494,16.05016026803706,11.114688204860109,4.617512510675523,-2.5427357579206324,-9.605873580116572,-11.978937946441066,-7.858338366359628,-3.1986818070937364,-2.1803951546187617,-2.4529606316274215,-4.734538446528152,-10.35694469118284,-10.386711339084691,-0.8872803905784773,2.108071091765952,-8.079697603896623,-8.406990662902697,12.28396678959123,25.984526501865023,12.002375623185394,-9.099551655507335,-12.918332950444892,-2.9148440956551998,7.814683602446975,11.822883264116374,5.406123100980444,-4.10351227696002,-2.786375834250874,6.555513492568732,8.383770245955223,1.4630789272875215,-3.3000580346625714,-2.825423153813366,-0.14572508581396607,2.0409002869338213,-1.706699472961999,-10.873092736841905,-13.153744075744827,-5.0604621534391,-0.42669079869261217,-4.780691809845545,-6.789296585817485,-1.486217379104346,5.358216781874136,12.121452455486482,15.99718796747685,8.002554984142384,-7.0750637011499045,-9.797562570181778,1.900030556573054,8.8130259529183,3.6247120596688345,-2.7571378628571335,-5.753440160485399,-8.707902540937843,-7.693435782152745,0.3214689514910181,5.600437239407459,0.8511875000387792,-5.217424394857113,-2.3921894692563606,6.343743359385472,11.956013429858205,10.233058551843795,3.2346967425869986,-2.4579265718865724,-0.8922631521838613,5.0365027591793075,5.42281664065538,-2.7569239254290654,-9.56965899890929,-5.730108140036464,2.001381313531763,-0.9238339929142967,-13.478335919065607,-19.018516540216904,-12.07167905377638,-4.79342454220427,-1.896062427575493,4.945062712304611,14.344431329001155,16.248870288325836,13.18957082390423,11.174092717468739,3.592177478033894,-7.973703028815281,-5.230008178919282,9.834179792818354,9.891731969748637,-7.6691688503035245,-14.47148889479124,1.0
-0.7649409688634073,-0.05842437104244406,-4.858380651386041,-13.261609398229565,-13.393359937394658,-5.385813066360748,-2.06352542162252,-2.633186724761294,3.277486194468414,7.981155544234854,-0.24968965515856528,-7.044346360489726,4.34131939147806,19.117795663526824,17.369322426274366,7.2162262122146785,2.203916086918778,-2.4376982205503737,-9.758110286357502,-10.528812161129382,-6.328939339107213,-11.01192309344252,-20.39395175408572,-12.284346604674486,13.793161028271747,28.799120991225614,19.92031670889507,10.70191574210508,16.382274663748426,16.136406377475296,-6.147064939037794,-31.06630799671014,-35.73169981535628,-22.630154048817026,-6.513407143427887,-0.1873780800960958,-6.1087192541001265,-5.813391833417376,16.647323785556686,40.61029816584455,37.61617382688241,16.720218547361178,-0.30136313002246123,-13.458001042612725,-23.313835269305855,-22.552206528683502,-18.385347643556695,-17.27285446628553,-8.06353342164463,6.579792897527416,10.808645115078738,13.65600945904023,21.126677119897472,5.1726519705779435,-30.037026286978897,-28.7527914699167,12.129234220522145,30.658812446623212,18.75526430677726,23.073178027446072,37.61672115657065,23.731455221875674,-7.036497703999986,-27.875419010097783,-42.3012665781296,-45.40003527634932,-25.7363315390216,-4.565700110216211,1.7518333578805647,8.792569928104058,11.502033999267345,-7.628600134721233,-17.588113802433426,10.258968880788112,33.117059256881475,14.990982075053681,-4.085389321055522,9.560710772451582,25.516571857863003,15.692676392280394,-6.656330329120262,-21.52901985568719,-17.826002841375562,4.012104381005177,20.639567684737912,11.886700578240884,-8.485174350922332,-18.540795900341536,-16.954126305800553,-11.27391489693481,-8.022616218620291,-8.736310930191799,-2.2840385224424407,12.830675741049667,13.305877288079095,-4.074686934343642,-6.534509178199288,11.255708750337362,14.793890949623245,-1.1645938064644321,-7.489389649747561,0.4650603031946553,7.0876330707429185,11.392888078068305,12.196632098962759,2.0630175643212474,-8.466726718729156,-6.453413324327105,-2.3647532539584466,-4.572466479989493,-2.657923541199933,3.829044457014081,-1.4509659509898887,-23.108765814246404,-40.92833924624655,-26.147614076474888,19.062013003005024,43.918648801743984,16.67099753844862,-14.26657853090243,-0.5887779903003119,20.894758015353645,11.8243071720418,8.399506288994518,29.10629513906315,26.212849491172367,-9.798366028285171,-27.89033584545056,-18.110199337256038,-12.987644691485912,-13.806373691529087,-11.251089326895048,-16.16453801680796,-18.61139089319234,-1.2211834447225556,10.10438767585179,-2.3327543744817376,-1.0367367261513007,26.55609428861903,33.237112172568835,1.0
-24.432935174813288,-28.232917216645244,-15.565641918614144,-1.652877442997932,8.636615270192529,18.71986950219919,23.305979987399446,20.50115077298445,19.27306097475553,18.66439459170215,8.026946455220846,-7.398306855776657,-11.55306444110142,-3.1382978322993345,6.95651966206626,9.252731844161948,-2.6619686093828125,-22.129721250488526,-27.4762792131967,-13.326880851087886,-1.5905986351944092,-3.1694695351955793,-4.207198889369869,0.6559899307580458,2.19702928149814,0.68025008295404,0.7387602230430477,-0.2770773278251808,2.9174217404441958,19.113770730793476,34.50467172472013,28.11943523896237,5.340788187287722,-15.033021367361975,-25.51055341749452,-24.40622553932998,-15.432902882393035,-12.565851939117742,-16.921552957061472,-8.581024754536985,16.533622292879347,34.183546383140815,28.497539597615187,9.584234448848292,-4.762852016461289,-6.356914459158563,-5.96055882387898,-19.182475482838022,-29.869482110150987,-7.1096923352193295,29.503456726463305,30.112824140763323,2.372683497009954,-5.838461241736594,5.5940927837186285,5.894996513276258,-1.4379418419363599,-4.6914150035849564,-15.222625167316032,-26.25980159516136,-14.548667754732175,5.546578466918112,6.658806997203404,2.5192771240641982,9.63375491141859,9.297024659450269,-2.7389137483809867,-0.2805052333925333,14.661895875405106,12.195750056287377,-6.043344550084738,-14.327602541100028,-11.547327636689362,-11.469276999873626,-10.875905727708918,-1.7601749211510953,8.189783725887537,8.340776542473273,5.456451367001541,14.826632411119716,29.911048032343388,23.6020098341008,-4.814691847047976,-19.1530789160105,-6.078417970226535,3.7905054163355896,-4.455777296964596,-10.021066575181774,-6.531084202171769,-8.577339303188232,-14.061959680247432,-13.944886501905987,-14.451571532576862,-15.455884820988608,-7.7915982015482665,-0.06268577525366305,0.12090800131813416,11.51116896799067,39.67788930651214,53.380208647913406,34.0700863669109,0.3584955858338314,-26.012783088307415,-33.50317166248957,-19.031073880537104,-3.508945367358845,-7.34970041222146,-7.99084174956402,16.539457696438248,30.876554530750987,4.51818565853561,-22.791646811143437,-12.82257023319188,5.03174432396837,1.6812218142440543,-0.2714625107150318,11.714376637608641,11.880264680315223,-3.938860485032718,-9.354037571902154,-5.51179864406327,-16.112821559620997,-30.813540736058105,-19.06691492605023,10.565514097455889,21.981307541951537,11.271088937245723,6.202952547852571,15.323065438961041,19.565192616234224,9.17007226900508,-4.521985705130242,-10.468743424836752,-8.032441819966254,-1.6304403045602764,1.4139082001832624,-2.96380515857729,-7.599479893028426,-4.5154988040772475,1.2723712728523726,0.0
2.3569426916591407,12.553468547192299,-27.655308508508217,-52.42159542938074,-13.705730507480135,16.434093860301395,-3.424745208790733,-12.383641620477041,2.9862023269912847,-7.861037873352568,-23.922829132320153,4.451526687952638,39.38274413140284,31.516184945280354,3.748592494029759,-16.174695734762484,-20.507867637245607,8.85050568716704,47.38685901918345,39.2409544468133,12.741830551828672,23.982166544573072,18.94881879362381,-45.69756205452399,-68.99116710490651,1.5902916067538575,48.05511660584145,16.204657724929145,5.281823156996527,32.10093334834609,6.650234410655685,-47.399760259418855,-40.701513443801865,-13.331363902175022,-35.61147555031089,-56.64002271948589,-27.604052868050832,3.6941351673902116,10.342427896775511,16.322312645510667,10.269522548265135,-16.03854740721484,-17.66855855534474,12.111111660746651,23.051582981056224,18.79769178593738,42.51834175301095,70.19702557308807,53.59391161214767,14.451648690624602,-2.5521387594150533,0.9470162653726422,3.1900334847677083,-8.876487745389264,-36.53469550588893,-52.502473037896884,-27.27851575685458,13.67062637174806,18.37368082627654,-14.829671856740283,-43.102833996501026,-40.36599539942108,-18.367670622188598,-1.4311294267342116,10.158177180241587,35.95809199121626,58.059942215215415,27.043476194298517,-38.27623619827338,-54.2982175776528,-11.172875600556532,15.2053921703094,0.69537316257548,-11.440394836581415,-8.790480210439354,-3.0705240621334977,16.97874154874848,43.83961883303709,45.231486244592816,26.590253189930486,10.502844621323877,-11.476381119353594,-31.781648086998352,-17.693265197294142,10.735083190530228,7.6739011540388065,-5.787553008361202,5.118258933278008,10.09759922750527,-8.72692219784949,-8.68283408267113,14.871522593027395,9.033147663343698,-29.021677846916848,-46.714698678788004,-31.228254669449395,-13.648631331510842,-5.910492497418697,4.769169287186944,24.22355444985442,38.682350574889114,27.05646308987505,-8.511880706374845,-37.11878584353771,-36.73803303007864,-12.063977326434623,18.584733040072024,26.953777119206887,4.380663399610461,-3.9657666339301034,32.42727858875878,57.75187293874074,24.792942591321964,-16.553669255382072,-21.679391090965105,-19.361479277929497,-17.126752578342956,6.22159103704487,14.61703156403079,-17.027570518935438,-25.18654034452306,14.623249320015828,29.46091454036327,2.460813027340919,-5.105721294776433,5.291251642513089,-1.9110526201661235,-2.112045841382092,4.373650468924704,-33.51775070163421,-79.34562409131064,-49.375625422741805,15.996993400686835,31.325240351220902,21.240078342612833,22.996275548150557,2.53224459124936,-24.70635719793952,3.533796143718064,48.8087645402799,0.0
59.49729109472699,-199.90639535254903,-144.93468039565616,-2961.4372472647165,-6669.134441186984,-4592.1856062014895,2445.558013237185,5361.9481613900925,1926.872813531715,76.48492705821991,2930.9320253928504,3936.136793928014,-12.075844258069992,-3281.3709728800586,-1664.0792595114972,2618.539599961705,6291.238650785552,7180.59202163087,3310.1815046856386,-3815.1891050272516,-8952.373340235816,-9573.85160891215,-7208.775885449515,-2779.054327024354,2121.034023536576,3076.4397695197,207.47334253787994,637.7704612496826,5697.142229596774,6407.097347676754,-574.6790002211928,-5891.9657541182305,-3612.4722595115504,-297.1494474808375,-1862.798104584217,-4474.166774855719,-2998.4729660484527,1769.8585350828039,6337.32061653667,8112.6552055544325,6568.855637537108,4475.746797167592,4827.824689891603,5439.139792276754,1677.2994440860218,-5473.670174360275,-9935.827773253122,-8828.843672262297,-4897.745355513361,-1487.3195407042901,63.6858391629325,-479.46670360035364,-1412.5873128440644,-22.16809341642592,2297.7366008973786,1200.3745915473748,-1865.3572747127878,-1072.0912571085823,2156.6976280560098,1505.8740296761196,-1011.5646258559492,338.6535661882824,1865.5833791047335,-1003.3699876997206,-2025.9306661685307,2390.3721547656587,4004.624530626668,483.66784353057545,694.0551636748844,4600.284183475706,3512.435214353932,283.262115849389,2599.5494138730896,4906.654111411836,684.7259049150679,-4319.178243658609,-7310.302015940349,-12488.064098053508,-14015.468986299304,-4303.436781035529,5634.321911649157,3937.544808599684,461.4555868903796,5287.7119081020355,8921.677051676645,4365.841147157881,831.1733962463009,3235.1414502395523,4823.17403130047,2552.308080567254,-1763.0377451578777,-8287.644396675958,-12742.146118164062,-7773.129420492384,2390.2146695653596,6275.768517745866,3560.6029665950273,1891.5965409047074,1811.444647130039,-224.27806428240405,-2391.4535601668886,-1636.7086533076233,305.3158011469576,490.64110186364917,-550.9511423913968,5.805158813794454,2118.4257373015084,1031.7264920969803,-4361.244006699986,-5412.828894840346,3127.5772092209922,10847.339497036404,7383.11808485455,-128.04190803236432,-1246.8310300244225,595.1504713760482,-190.3543115440342,-197.35075824128256,984.6069963860015,-2833.1028784977066,-9503.25656689538,-9826.15620777342,-4674.351387103398,-2048.358052180873,-1591.7994136015575,995.8511068042782,2719.1221815314557,709.6091931826538,160.05888730991217,4411.9602855245275,8336.437493410376,7580.162600464291,3919.0362542205385,-25.532831652296913,-2421.1582937902876,-1120.8032250934177,2253.249488423268,2549.388035946422,-653.9918806387318,-2533.1890157527396,1.0
-2782.939878927337,-3662.7381438414254,-1993.9135904146565,343.5415310428685,-1293.8513168825043,-4420.338498973184,-2187.9841026895574,1692.998841881752,-616.9723504616154,-2774.274201446109,4126.311356337534,11428.798590368695,8689.836266967985,2656.987853990661,621.5402383142048,-1763.824947986338,-4303.378252506256,-1160.0182451473343,2302.110168993473,-1680.961333298021,-6017.959633919928,-2857.2581786538162,1056.4960738271475,-784.8523431966702,-3019.284746653504,-421.6445737083753,3852.3207220435143,4497.408679697249,806.0368327432209,-1920.1231391893493,130.03118307557372,710.2591609689924,-5376.901238441467,-8484.035011940532,-1391.8590108379722,3544.4716607994505,-2192.9002452277473,-5269.636260098881,2633.740106774701,9338.848572307163,8433.904265271292,7975.316101047728,7648.87286586894,396.3771499560939,-7242.8413317348395,-5525.616960379813,-627.2476449211439,-1519.5465351806747,-4237.677682055368,-3337.8837420737577,-1510.162285765012,-771.7500130799082,570.4338491492801,1059.249504510727,-1715.0447199510204,-4480.917917413844,-2721.819693143997,1959.1559344198968,4985.23996020688,5027.471839210226,2909.5741945008435,-283.9486581881841,-1040.9796146522795,2937.060466365682,5510.802778773837,20.63257617586189,-6529.36030826966,-3308.718562099669,4327.815753353967,4104.552622346415,-1769.0862334221601,-4308.3690732912055,-4569.519611772564,-5757.095878799756,-4358.721969366074,-215.39202304515572,1528.579812872741,1255.800268308984,2235.2399881747033,2800.222588429848,2199.824266407225,2824.597545739677,2751.970789723926,-143.4867284595449,-1057.7297936181228,2199.350412680043,3637.6962245437835,1170.015358949701,-30.6936342265043,1786.899594095018,3637.623571962118,3030.342035204172,-2126.8983457585177,-10056.216859287686,-13007.378547244602,-8546.119854211807,-3683.4192161593173,-1231.6023802492355,2531.9741989506615,5991.419928843777,5319.883621401257,3548.718883388572,3268.6791985829673,2456.344730483161,2461.236899183856,4158.60630342861,1619.1664120091332,-4770.918483085103,-4675.962617225829,1458.1487676865524,1661.725569433636,-3304.7296608289084,-2149.3688790963756,3563.2415204048157,3819.6689578692117,-740.9839222000705,-3307.1852440900275,-2820.0752925972142,-1158.0442986587684,418.9999645385477,493.1099882212778,328.87503770200743,2116.1738330721855,3115.8275280710723,530.2674468474256,-2244.2474005354775,-2596.601482344998,-2960.6933732426,-3408.0647400799726,-1288.9928425285552,1601.8212905526161,1982.8597475555207,1074.6180259121788,474.4216209517585,-795.2493587334951,-1801.0473733358085,-13.647250619199541,3598.2888076437844,5444.84205991692,3805.8093625439537,1.0
-12.174783982957402,-10.465898705491176,5.0566320263509015,12.303387258942369,5.4733937058546065,1.7020409760104183,4.8694942952133715,2.4741927057944446,-4.64719573687762,-4.318514875078108,1.6038665454058598,1.5247731368678312,-2.6634578999722485,0.3613666923871885,7.072811887418437,2.0514816991958975,-11.537917109457744,-11.656170760992811,3.8347980404376156,11.548113910119152,4.670950703704471,0.32979659601712935,1.5627206283065282,-3.0585684417552934,-8.72170308829906,-6.508905678754672,-5.6719467013091265,-9.689749471956425,-4.662247872361655,8.043380971170134,10.575431841451469,4.0133022099681614,2.9873541177819587,7.041104198200628,8.96488046784523,8.219083205555863,2.6656365258548047,-5.792417838529218,-5.6504652119991885,1.5268400841434615,0.29701201190861565,-7.053402529279184,-7.248750647180714,-6.154208787354744,-11.097110555662463,-9.216525828103638,3.577637902197441,10.52262807947894,7.070405007721598,3.680095800502588,0.46983381885931724,-3.5341737082538507,0.285834215743105,7.5385524477395744,3.998186667721408,-3.433429815224372,-0.16376726473875655,4.996837523128812,-0.057722801370093495,-5.920179999847379,-4.080462660274305,-1.8730489338276028,-1.830625138646509,2.4709117095658764,8.364136336607366,6.693131003283067,-1.8703376491968002,-7.7324604504069105,-5.140765346483224,1.309449454969985,3.098348318658989,-0.000809694575663242,-1.9326559105732788,-3.3035194470463063,-7.330079158337968,-8.442089952166295,-2.6534886112850575,2.393925290606502,1.9969448517840647,1.87377492308345,5.130816963456002,9.630299078944113,13.13017608073359,9.480718798728454,-2.726798662967566,-8.009537794976495,2.1346720587462187,8.36824679929608,-1.9493635796865822,-9.563022239030236,-2.326845986277072,2.045519530786098,-5.1994739132472505,-8.250020469865477,-1.8319259806853045,1.205686632948022,-2.2316907109893185,-4.344705598997987,-4.15324580214676,-4.257044757328306,-3.8536203432983407,-3.7096977862788156,-3.6647295838744562,1.3200123350931487,10.209518155982046,12.826355443646511,6.7770558504336,2.1149861596964508,4.261027756401745,8.040169650300717,9.611657152822268,9.213391053503276,4.476892868315594,-4.218375774100423,-7.579346202921847,-2.0194097517103526,-0.0026659396632264056,-8.764658726066248,-15.405257907385627,-11.474569890337685,-8.118897145549353,-9.685630436417544,-4.760118018402459,4.313127854755091,2.2872399356985826,-5.325454316173111,-1.6251089298958605,7.5269808383142545,8.562846505755765,7.5887692810728264,10.918435942297542,10.283764642922002,5.83342919673305,6.767055768175244,7.551939236132764,-0.21794923974408043,-7.037079770273219,-5.6757164602725725,-5.2084014027819245,-8.003847374797463,0.0
